163.com,163com,3com,63com
1drv.com,rvcom,vcom
1rx.io,rxio,xio
2mdn.net,nnet
2miners.com,rscom,scom
33across.com,crosscom,osscom,rosscom,scom,sscom
360.cn,0cn,360cn
360safe.com,ecom,fecom,safecom
360yield.com,dcom,ldcom
3ghddf123d.com,3dcom,dcom
3gppnetwork.org,korg,rg,rkorg
3lift.com,ftcom,tcom
4dex.io,dexio,exio,xio
a-mo.net,monet
a-msedge.net,edgenet,enet,genet
a2z.com,2zcom,zcom
aadrm.com,mcom,rmcom
aaplimg.com,gcom,mgcom
accuweather.com,ercom,rcom,weathercom
acrobat.com,atcom,tcom
acronis.com,iscom,scom
acsechocaptiveportal.com,alcom,lcom,talcom
acuityplatform.com,mcom,rmcom
ad-delivery.net,rynet,verynet
ad-score.com,corecom,ecom,recom
ad.gt,adgt,dgt
adaether.com,ercom,ethercom,rcom
adblockplus.org,rg,sorg,usorg
addthis.com,iscom,scom
adentifi.com,ficom,icom
adform.net,formnet,mnet
adfox.ru,oxru,xru
adgrx.com,rxcom,xcom
adguard.com,dcom,rdcom
adingo.jp,gojp,ojp
adition.com,ncom,oncom
adjust.com,justcom,stcom,tcom
adkernel.com,elcom,lcom
admanmedia.com,acom,diacom,iacom,mediacom
adnxs-simple.com,ecom,lecom,simplecom
adnxs.com,scom,xscom
adnxs.net,snet,xsnet
adobe.com,adobecom,becom,ecom
adobe.io,beio,eio
adobedc.net,dcnet
adobedtm.com,mcom,tmcom
adobelogin.com,incom,ncom
adobess.com,scom,sscom
adotmob.com,bcom,mobcom,obcom
adriver.ru,erru,rru,verru
adroll.com,lcom,llcom
adrta.com,acom,tacom
ads-twitter.com,ercom,rcom,twittercom
adsafeprotected.com,dcom,edcom
adscale.de,alede,ede,lede
adsco.re,adscore,dscore,core,ore,score
adsensecustomsearchads.com,adscom,dscom,scom
adsmoloco.com,cocom,ocom
adsrvr.org,rg,rorg
adswizz.com,zcom,zzcom
adtelligent.com,tcom
adtng.com,gcom,ngcom
afcdn.net,cdnnet,nnet
agkn.com,kncom,ncom
agora.io,agoraio,aio,raio
aiv-cdn.net,cdnnet,nnet
aiv-delivery.net,rynet,verynet
aka.ms,akams,kams
akadns.net,dnsnet,snet
akamai.com,aicom,icom,maicom
akamai.net,ainet,inet,mainet
akamaiedge.net,edgenet,enet,genet
akamaihd.net,dnet,hdnet
akamaized.net,dnet,ednet
akstat.io,atio,statio,tatio,tio
al-array.com,aycom,raycom,ycom
algolia.net,algolianet,anet,ianet,lianet
alibaba.com,abacom,acom,alibabacom,bacom
alibabadns.com,dnscom,nscom,scom
alicdn.com,dncom,ncom
aliexpress.com,aliexpresscom,expresscom,scom,sscom,xpresscom
alipay.com,alipaycom,aycom,paycom,ycom
aliyun.com,ncom,uncom
aliyuncs.com,cscom,scom
allawnos.com,oscom,scom
alphonso.tv,otv,sotv
amap.com,apcom,pcom
amazon-adsystem.com,emcom,mcom
amazon.co.uk,amazoncouk,couk,ouk
amazon.com,amazoncom,ncom,oncom
amazon.de,amazonde,azonde,mazonde,nde,onde,zonde
amazon.dev,amazondev,azondev,ev,ndev,ondev
amazonalexa.com,acom,exacom,xacom
amazonaws.com,amazonawscom,scom,wscom
amazontrust.com,stcom,tcom,trustcom
amazonvideo.com,ocom,videocom
amemv.com,mvcom,vcom
amplitude.com,decom,ecom
ampproject.net,ctnet,projectnet,tnet
ampproject.org,ctorg,rg,torg
amung.us,amungus,mungus,ngus,ungus,gus
android.com,androidcom,dcom,idcom
aniview.com,ewcom,wcom
anydesk.com,deskcom,kcom,skcom
anythinktech.com,chcom,hcom,techcom
ap4r.com,4rcom,rcom
app-analytics-services-att.com,attcom,tcom,ttcom
app-analytics-services.com,cescom,escom,scom
app-measurement.com,tcom
appboy.com,oycom,ycom
appcenter.ms,erms,rms,terms
appier.net,piernet,rnet
apple-cloudkit.com,itcom,kitcom,tcom
apple-dns.net,dnsnet,snet
apple.com,applecom,ecom,lecom
apple.news,applenews,enews,ews,lenews
applovin.com,incom,ncom,vincom
applvn.com,ncom,vncom
appnext.com,nextcom,tcom,xtcom
appsflyer.com,ercom,rcom
appsflyersdk.com,dkcom,kcom
appspot.com,otcom,tcom
arin.net,nnet,rinnet,innet
arubanetworks.com,kscom,scom
atlassian.com,ancom,ncom
atlassian.net,nnet,annet
atomile.com,ecom,lecom
attn.tv,tntv
autodesk.com,deskcom,kcom,skcom
avast.com,avastcom,stcom,tcom,vastcom
avcdn.net,cdnnet,nnet
avira.com,acom,iracom,racom
avsxappcaptiveportal.com,alcom,lcom,talcom
aws.dev,awsdev,ev,sdev
awswaf.com,afcom,fcom
azure-devices.net,cesnet,esnet,snet
azure.com,ecom,recom
azure.net,azurenet,enet,renet
azureedge.net,edgenet,enet,genet
azurefd.net,dnet
azurewebsites.net,esnet,snet,tesnet
b-cdn.net,cdnnet,nnet
b-msedge.net,edgenet,enet,genet
babybus.com,buscom,scom,uscom
baidu.com,baiducom,ducom,ucom
bamgrid.com,dcom,gridcom,idcom
battle.net,attlenet,enet,lenet
bazaarvoice.com,cecom,ecom,voicecom
belkin.com,incom,kincom,ncom
beyla.site,asite,ite,te
bfmio.com,ocom
bidmachine.io,eio,neio
bidr.io,drio
bidswitch.net,chnet,hnet,switchnet
bigo.sg,gosg,osg
bigolive.tv,etv,golivetv,vetv
bilibili.com,icom,licom
binance.com,binancecom,cecom,ecom
bing.com,bingcom,gcom,ingcom,ngcom
bing.net,bingnet,gnet,ingnet,ngnet
bitdefender.com,ercom,rcom
bitdefender.net,dernet,rnet
blockdh100b.net,0bnet,bnet
blockdh100c.co,cco
blogspot.com,otcom,tcom
bluekai.com,aicom,icom,kaicom
booking.com,bookingcom,gcom,ingcom,kingcom,ngcom
bootstrapcdn.com,dncom,ncom
bounceexchange.com,changecom,ecom,gecom
branch.io,anchio,branchio,chio,hio
brave.com,avecom,ecom,vecom
braze.com,ecom,zecom
braze.eu,eeu,zeeu
brightcloud.com,cloudcom,dcom,udcom
browser-intake-datadoghq.com,hqcom,qcom
bt.co,btco,tco
btloader.com,ercom,rcom
bttrack.com,ckcom,kcom
bugsnag.com,agcom,gcom
bytedance.com,cecom,ecom
bytefcdn-oversea.com,acom,eacom,seacom
bytefcdn-ttpeu.com,eucom,ucom
byteglb.com,bcom,lbcom
byteoversea.com,acom,eacom,seacom
byteoversea.net,anet,eanet,seanet
bytetcdn.com,dncom,ncom
canva.com,acom,canvacom,vacom
capcut.com,tcom,utcom
capcutapi.com,icom,picom
casalemedia.com,acom,diacom,iacom,mediacom
cdn-apple.com,applecom,ecom,lecom
cdn.house,cdnhouse,nhouse,ouse,use
cdn20.com,0com,20com
cdn4image.com,ecom,gecom
cdn77.org,77org,7org,rg
cdngslb.com,bcom,lbcom
cdninstagram.com,amcom,gramcom,instagramcom,mcom,ramcom
cedexis-radar.net,arnet,darnet,radarnet,rnet
cedexis-test.com,estcom,stcom,tcom,testcom
cedexis.com,iscom,scom
cedexis.net,isnet,snet
centrastage.net,agenet,enet,stagenet,genet
chartbeat.com,atcom,tcom
chartbeat.net,atnet,beatnet,eatnet,tnet
chartboost.com,stcom,tcom
chatgpt.com,gptcom,ptcom,tcom
chaturbate.com,chaturbatecom,ecom,tecom
checkpoint.com,pointcom,tcom
cisco.com,ciscocom,cocom,ocom
clarity.ms,tyms,yms
clevertap-prod.com,dcom,odcom
cloud.microsoft,crosoft,ft,icrosoft,osoft,rosoft,oft,soft
cloudapp.net,appnet,dappnet,pnet
cloudflare-dns.com,dnscom,nscom,scom
cloudflare.com,cloudflarecom,ecom,recom
cloudflare.net,enet,flarenet,renet
cloudflareclient.com,tcom
cloudflareinsights.com,scom,tscom
cloudfront.net,frontnet,ntnet,tnet
cloudfunctions.net,snet
cloudinary.com,rycom,ycom
cnn.com,cnncom,ncom,nncom
codefi.network,definetwork,etwork,finetwork,inetwork,ork,rk,twork
coinbase.com,asecom,basecom,coinbasecom,ecom,secom
coloros.com,oscom,roscom,scom
colossusssp.com,pcom,spcom
comcast.net,castnet,comcastnet,stnet,tnet
company-target.com,etcom,targetcom,tcom
connatix.com,ixcom,xcom
contentsquare.net,enet,squarenet,renet
contextweb.com,bcom,ebcom,webcom
conviva.com,acom,vacom,vivacom
cookiebot.com,botcom,otcom,tcom
cookielaw.org,aworg,laworg,rg,worg
cootlogix.com,ixcom,xcom
crashlytics.com,cscom,icscom,scom
creativecdn.com,dncom,ncom
criteo.com,ocom
criteo.net,null
crwdcntrl.net,lnet
cspserver.net,rnet,servernet,vernet
ctmail.com,ilcom,lcom,mailcom
cxense.com,ecom,secom
dashlane.com,anecom,ecom,necom
datadoghq.com,hqcom,qcom
datadome.co,meco
datto.com,ocom,tocom
dbankcdn.cn,dncn,ncn
dbankcdn.com,dncom,ncom
dbankcloud.cn,cloudcn,dcn,udcn
dbankcloud.com,cloudcom,dcom,udcom
ddns.net,dnsnet,snet
deepintent.com,tcom
deepl.com,deeplcom,lcom,plcom
dell.com,dellcom,lcom,llcom
demdex.net,dexnet,exnet,xnet
didiglobal.com,alcom,balcom,globalcom,lcom
digicert.com,rtcom,tcom
digitaloceanspaces.com,acescom,cescom,escom,scom
discomax.com,axcom,maxcom,xcom
discord.com,dcom,discordcom,rdcom
discord.gg,dgg,discordgg,rdgg
discord.media,dia,dmedia,edia,ia
discordapp.com,appcom,pcom,ppcom
discordapp.net,appnet,dappnet,pnet
disneyplus.com,pluscom,scom,uscom
disqus.com,scom,uscom
disquscdn.com,dncom,ncom
dns.google,dnsgoogle,le,oogle,ogle
docker.com,ercom,rcom
docker.io,dockerio,erio,kerio
doppiocdn.net,cdnnet,nnet
dotomi.com,icom,micom
doubleclick.net,cknet,clicknet,knet
doubleverify.com,fycom,verifycom,ycom
douyincdn.com,dncom,ncom
douyinliving.com,gcom,ingcom,ngcom
drmgms.com,mscom,scom
dropbox-dns.com,dnscom,nscom,scom
dropbox.com,oxcom,xcom
dropboxapi.com,icom,picom
dtscout.com,tcom,utcom
dual-s-msedge.net,edgenet,enet,genet
duckdns.org,dnsorg,nsorg,rg,sorg
duckduckgo.com,duckduckgocom,gocom,ocom
duolingo.com,gocom,ocom
dutils.com,lscom,scom
dynamicyield.com,dcom,ldcom
dynatrace.com,cecom,ecom,racecom,tracecom
dyndns.org,dnsorg,nsorg,rg,sorg
e-msedge.net,edgenet,enet,genet
e-planning.net,gnet,ingnet,ngnet
ea.com,acom,eacom
eagllwin.com,incom,ncom,wincom
easy4ipcloud.com,cloudcom,dcom,udcom
ebay.com,aycom,baycom,ebaycom,ycom
edgecastcdn.net,cdnnet,nnet
edgekey.net,keynet
edgesuite.net,enet,suitenet,tenet
emb-api.com,icom,picom
emxdgt.com,gtcom,tcom
entrust.net,stnet,tnet,trustnet
epicgames.com,epicgamescom,escom,gamescom,mescom,scom
epicgames.dev,esdev,ev,gamesdev,sdev
erome.com,ecom,mecom,romecom
eset.com,etcom,setcom,tcom
espn.com,espncom,ncom,pncom
espncdn.com,dncom,ncom
eu-1-id5-sync.com,ccom,nccom,synccom
eu.org,rg,uorg
eum-appdynamics.com,cscom,icscom,scom
everesttech.net,chnet,everesttechnet,hnet,technet
evergage.com,ecom,gecom
evernote.com,ecom,notecom,tecom
evidon.com,ncom,oncom
example.com,ecom,examplecom,lecom
example.org,eorg,leorg,rg
exelator.com,orcom,rcom
exp-tas.com,ascom,scom,tascom
eyeota.net,anet,tanet
ezvizlife.com,ecom,fecom
facebook.com,bookcom,facebookcom,kcom,okcom
facebook.net,booknet,ebooknet,oknet,knet
fast.com,fastcom,stcom,tcom
fastclick.net,cknet,clicknet,knet
fastly-edge.com,ecom,edgecom,gecom
fastly.net,lynet
fb.com,bcom,fbcom
fbcdn.net,cdnnet,nnet
fbpigeon.com,ncom,oncom,pigeoncom
fbsbx.com,bxcom,xcom
feednews.com,newscom,scom,wscom
firebaseio.com,ocom
firefox.com,foxcom,oxcom,xcom
firetvcaptiveportal.com,alcom,lcom,talcom
flashtalking.com,gcom,ingcom,kingcom,ngcom
flurry.com,rycom,ycom
fontawesome.com,awesomecom,ecom,mecom
footprintdns.com,dnscom,nscom,scom
force.com,cecom,ecom,forcecom
forter.com,ercom,rcom
freefiremobile.com,ecom,lecom,mobilecom
fullstory.com,rycom,ycom
fwmrm.net,mnet
fyber.com,ercom,rcom
gameanalytics.com,cscom,icscom,scom
gamepass.com,asscom,scom,sscom
garena.com,acom,enacom,nacom
gcdn.co,dnco,nco
geoedge.be,ebe,gebe
geotrust.com,stcom,tcom,trustcom
ggbluefox.com,foxcom,oxcom,xcom
ggpht.com,htcom,tcom
giphy.com,hycom,ycom
github.com,bcom,githubcom,ubcom
github.io,githubio,hubio,ubio
githubusercontent.com,tcom
glance-cdn.com,dncom,ncom
glanceapis.com,iscom,scom
globalsign.com,gncom,igncom,ncom,signcom
globo.com,bocom,globocom,ocom
glpals.com,alscom,lscom,scom
gmail.com,gmailcom,ilcom,lcom,mailcom
go-mpulse.net,enet,pulsenet,senet
godaddy.com,daddycom,dycom,godaddycom,ycom
google-analytics.com,cscom,icscom,scom
google.ca,eca,googleca,leca
google.cn,ecn,googlecn,lecn
google.co.id,coid,oid,ecoid
google.co.in,ecoin,glecoin,googlecoin,lecoin,oglecoin,oin,coin
google.co.jp,cojp,ojp
google.co.uk,couk,ouk
google.com,ecom,googlecom,lecom
google.com.au,comau,omau,mau
google.com.br,combr,mbr,ombr
google.com.hk,comhk,mhk,omhk
google.de,ede,googlede,glede,lede
google.fr,efr,googlefr,lefr
google.ru,eru,googleru,leru
google.us,googleus,leus
googleadservices.com,cescom,escom,googleadservicescom,scom
googleapis.cn,iscn,scn
googleapis.com,iscom,scom
googlesyndication.com,googlesyndicationcom,ncom,oncom
googletagmanager.com,ercom,gercom,rcom
googletagservices.com,cescom,escom,scom
googleusercontent.com,tcom
googlevideo.com,ocom,videocom
googlezip.net,ipnet,pnet,zipnet
gopsahome.info,einfo,homeinfo,nfo
gos-gsp.io,pio,spio
got-to-be.net,enet,benet
gotinder.com,ercom,rcom,tindercom
grafana.com,acom,anacom,nacom
grammarly.com,lycom,ycom
grammarly.io,lyio,yio
gravatar.com,arcom,avatarcom,rcom
gstatic.com,ccom,iccom
gumgum.com,mcom,umcom
gvt1.com,1com,t1com
gvt2.com,2com
gvt3.com,3com,t3com
hamsterkombat.io,atio,batio,tio
hcaptcha.com,acom,chacom,hacom
here.com,ecom,herecom,recom
herokuapp.com,appcom,pcom,ppcom
heytapdl.com,dlcom,lcom
heytapmobi.com,bicom,icom,mobicom
heytapmobile.com,ecom,lecom,mobilecom
hiaiabc.com,abccom,bccom,ccom
hicloud.com,cloudcom,dcom,icloudcom,udcom
hihonorcloud.com,cloudcom,dcom,udcom
hik-connect.com,connectcom,ctcom,ectcom,tcom
hisavana.com,acom,anacom,nacom
home-assistant.io,antio,ntio,tantio,tio
honeywell.com,lcom,llcom,wellcom
hotjar.com,arcom,jarcom,rcom
hotjar.io,ario,jario
hotmail.com,hotmailcom,ilcom,lcom,mailcom
hoyoverse.com,ecom,secom
hp.com,hpcom,pcom
huawei.com,eicom,huaweicom,icom
hubspot.com,otcom,tcom
hulu.com,hulucom,lucom,ucom
huntress.io,essio,sio,ssio
i18n-pglstatp.com,atpcom,pcom,tpcom
ibytedtos.com,oscom,scom
ibyteimg.com,gcom,mgcom
icanhazip.com,ipcom,pcom,zipcom
icloud-content.com,tcom
icloud.com,cloudcom,dcom,icloudcom,udcom
id5-sync.com,ccom,nccom,synccom
identrust.com,stcom,tcom,trustcom
ieee.org,eorg,ieeeorg,rg
igamecj.com,cjcom,jcom
igodigital.com,alcom,digitalcom,italcom,lcom,talcom
im-apps.net,appsnet,psnet,snet
imolive2.com,2com,e2com
imrworldwide.com,decom,ecom
incapdns.net,dnsnet,snet
indeed.com,dcom,edcom,indeedcom
indexww.com,wcom,wwcom
inkuai.com,aicom,icom
inmobi.com,bicom,icom,mobicom
inmobicdn.net,cdnnet,nnet
inner-active.mobi,activemobi,emobi
innovid.com,dcom,idcom,vidcom
instagram.com,amcom,gramcom,instagramcom,mcom,ramcom
intel.com,elcom,intelcom,lcom,telcom
intelbras.com.br,combr,mbr,ombr
intentiq.com,iqcom,qcom
intercom.io,comio,intercomio,mio,omio
intuit.com,itcom,tcom
ip-api.com,icom,picom
ipify.org,fyorg,rg,yorg
ipinfo.io,foio,oio
ipredictive.com,ecom,vecom
isappcloud.com,cloudcom,dcom,udcom
isnssdk.com,dkcom,kcom
iterable.com,ecom,lecom
ixigua.com,acom,uacom
jhkkjkj.com,jcom,kjcom
joinhoney.com,eycom,honeycom,ycom
jquery.com,rycom,ycom
jsdelivr.net,rnet,vrnet
jtvnw.net,nwnet,wnet
jwplayer.com,ercom,rcom
jwpltx.com,txcom,xcom
kampyle.com,ecom,lecom
kargo.com,gocom,ocom
kaspersky-labs.com,bscom,scom
kaspersky.com,kycom,skycom,ycom
keplr.app,keplrapp,pp,rapp
klaviyo.com,ocom,yocom
ks-cdn.com,dncom,ncom
kuaishou.com,oucom,ucom
kueezrtb.com,bcom,tbcom
kwai-pro.com,ocom,procom,rocom
kwai.com,aicom,icom
kwai.net,ainet,inet,wainet
kwaicdn.com,dncom,ncom
kwaipros.com,oscom,proscom,roscom,scom
kwcdn.com,dncom,ncom
kwimgs.com,gscom,scom
kzhi.tech,ech,hitech,itech
l-msedge.net,edgenet,enet,genet
larkplayerapp.com,appcom,pcom,ppcom
launchdarkly.com,lycom,ycom
leiniao.com,aocom,ocom
lencr.org,rg,rorg
lenovo.com,novocom,ocom,vocom
lge.com,ecom,gecom
lgtvcommon.com,ncom,oncom
lgtvsdp.com,dpcom,pcom
liadm.com,admcom,dmcom,mcom
licdn.com,dncom,ncom
life360.com,0com,360com,60com
liftoff-creatives.io,esio,sio
liftoff.io,ffio,offio
lijit.com,itcom,tcom
like.video,deo,eo,evideo,ideo,likevideo
likee.video,deo,eo,evideo,ideo,likeevideo
linkedin.com,incom,linkedincom,ncom
litix.io,ixio,tixio,xio
live.com,ecom,livecom,vecom
live.net,enet,livenet,venet
livechatinc.com,ccom,nccom
liveperson.net,nnet,onnet,personnet,sonnet
llnwi.net,inet,winet
loopme.me,eme
ltwebstatic.com,ccom,iccom
magsrv.com,rvcom,vcom
mail.ru,ailru,ilru,lru,mailru
mapbox.com,oxcom,xcom
mathtag.com,agcom,gcom
mcafee.com,ecom,eecom
me.com,ecom,mecom
media-amazon.com,amazoncom,ncom,oncom
media.net,anet,dianet,ianet,medianet
mediago.io,goio,oio
mediatek.com,ekcom,kcom,tekcom
mediavine.com,ecom,inecom,necom,vinecom
meethue.com,ecom,huecom,uecom
mega.co.nz,conz,onz
meraki.com,icom,kicom
mercadolibre.com,ecom,recom
mfadsrvr.com,rcom,vrcom
mgid.com,dcom,idcom
mi-img.com,gcom,mgcom
mi.com,icom,micom
microsoft.com,ftcom,microsoftcom,softcom,tcom
microsoftapp.net,appnet,pnet
microsoftonline.com,ecom,inecom,linecom,necom,onlinecom
microsoftpersonalcontent.com,tcom
midasplayer.cloud,layercloud,oud,rcloud,loud,ud
mikrotik.com,ikcom,kcom
minecraftservices.com,cescom,escom,scom
miniclippt.com,ptcom,tcom
minutemedia-prebid.com,bidcom,dcom,idcom
miui.com,icom,uicom
miwifi.com,ficom,icom
mixpanel.com,anelcom,elcom,lcom
mmcdn.com,dncom,ncom
mmechocaptiveportal.com,alcom,lcom,talcom
mmstat.com,atcom,statcom,tcom
mnaspm.com,mcom,pmcom
mncdn.com,dncom,ncom
moatads.com,adscom,dscom,scom
moatpixel.com,elcom,lcom,pixelcom
mob.com,bcom,mobcom,obcom
mobilefuse.com,ecom,secom
moengage.com,ecom,gecom
mookie1.com,1com,e1com
mozaws.net,snet
mozgcp.net,cpnet,pnet
mozilla.com,acom,lacom
mozilla.net,anet,lanet,llanet
mozilla.org,aorg,laorg,mozillaorg,rg
mparticle.com,ecom,lecom
msauth.net,authnet,hnet,thnet
msecnd.net,dnet
msedge.net,edgenet,enet,genet
msftauth.net,authnet,hnet,thnet
msftconnecttest.com,estcom,stcom,tcom,testcom
msftncsi.com,csicom,icom,sicom
msidentity.com,identitycom,tycom,ycom
msn.com,msncom,ncom,sncom
mtgglobals.com,alscom,lscom,scom
my.com,mycom,ycom
mycdn.me,dnme
mynetname.net,amenet,enet,menet,namenet
myqcloud.com,cloudcom,dcom,udcom
mythad.com,adcom,dcom
mzstatic.com,ccom,iccom
n-able.com,ecom,lecom
nakheelteam.cc,amcc,mcc,teamcc
naver.com,ercom,navercom,rcom,vercom
ne.jp,ejp,nejp
nel.goog,elgoog,oog,og
nelreports.net,portsnet,reportsnet,snet,tsnet
nest.com,estcom,stcom,tcom
netflix.com,ixcom,netflixcom,xcom
netflix.net,flixnet,ixnet,xnet
netgear.com,arcom,rcom
newrelic.com,ccom,iccom
nextmillmedia.com,acom,diacom,iacom,mediacom
nflxext.com,tcom,xtcom
nflximg.com,gcom,mgcom
nflxso.net,sonet
nflxvideo.net,deonet,videonet
nintendo.net,donet
nist.gov,ov,stgov,tgov
no-ip.com,ipcom,pcom
norton.com,ncom,oncom
notion.so,notionso,nso,onso
nr-data.net,anet,atanet,datanet,tanet
ntp.org,porg,rg
ntppool.org,lorg,olorg,rg
nubank.com.br,combr,mbr,ombr
nvidia.com,acom,diacom,iacom,nvidiacom
nytimes.com,escom,mescom,nytimescom,scom
oculus.com,scom,uscom
office.com,cecom,ecom,officecom
office.net,cenet,enet,icenet,officenet
office365.com,365com,5com,65com
ojsbdjn.com,jncom,ncom
ok.ru,okru,kru
omnitagjs.com,jscom,scom
omtrdc.net,dcnet
on.aws,naws
one.one,eone,neone,oneone
onedrive.com,ecom,vecom
onenote.com,ecom,notecom,tecom
onenote.net,enet,otenet,tenet
onesignal.com,alcom,lcom,signalcom
onetag-sys.com,scom,syscom,yscom
onetrust.com,stcom,tcom,trustcom
onetrust.io,stio,tio
online-metrix.net,ixnet,xnet
onmicrosoft.com,ftcom,microsoftcom,softcom,tcom
openai.com,aicom,icom,openaicom
opendns.com,dnscom,nscom,scom
opentrackr.org,rg,rorg
openx.net,nxnet,xnet
opera-api2.com,2com,i2com
opera.com,acom,eracom,racom
opera.software,ftware,oftware,operasoftware,tware,are,ware
oppomobile.com,ecom,lecom,mobilecom
optimizely.com,lycom,ycom
oracle.com,ecom,lecom
oraclecloud.com,cloudcom,dcom,udcom
orbsrv.com,rvcom,vcom
outbrain.com,braincom,incom,ncom
outbrainimg.com,gcom,mgcom
outlook.com,kcom,okcom,outlookcom
overwolf.com,fcom,lfcom,wolfcom
ovscdns.com,dnscom,nscom,scom
ovscdns.net,dnsnet,snet
paa-reporting-advertising.amazon,advertisingamazon,gamazon,mazon,zon,azon,on
pages.dev,esdev,ev,sdev
palmplaystore.com,ecom,recom
paloaltonetworks.com,kscom,scom
pandora.com,acom,oracom,pandoracom,racom
pangle.io,eio,leio
parsely.com,lycom,ycom
paypal.com,alcom,lcom,paypalcom
pendo.io,doio,oio,pendoio
permutive.app,eapp,pp
permutive.com,ecom,vecom
phicdn.net,cdnnet,nnet
phncdn.com,dncom,ncom
pinimg.com,gcom,mgcom
pinterest.com,estcom,pinterestcom,restcom,stcom,tcom
piojm.tech,ech,mtech
pitaya-clientai.com,aicom,icom
pki.goog,igoog,oog,og
playrix.com,ixcom,xcom
playstation.com,ncom,oncom,playstationcom
playstation.net,ionnet,nnet,onnet,stationnet
plex.tv,extv,lextv,plextv,xtv
pluto.tv,otv,plutotv,totv
polyfill.io,fillio,illio,lio,llio
pornhub.com,bcom,pornhubcom,ubcom
postrelease.com,asecom,ecom,leasecom,secom
presage.io,eio,geio
primevideo.com,ocom,videocom
primis.tech,ech,istech,stech
privacy-center.org,rg,rorg
privacymanager.io,agerio,erio,gerio
pstatp.com,atpcom,pcom,tpcom
pubmatic.com,ccom,iccom
pubmnet.com,etcom,netcom,tcom
pubnative.net,enet,venet
pullcf.com,cfcom,fcom
pullcm.com,cmcom,mcom
pusher.com,ercom,rcom
pushimg.com,gcom,mgcom
pv-cdn.net,cdnnet,nnet
pvp.net,pnet,pvpnet,vpnet
qlivecdn.com,dncom,ncom
qq.com,qcom,qqcom
qualtrics.com,cscom,icscom,scom
quantcount.com,tcom
quantserve.com,ecom,vecom
quantummetric.com,ccom,iccom
quickconnect.to,connectto,ctto,tto
quora.com,acom,oracom,quoracom,racom
rainberrytv.com,tvcom,vcom
rapid7.com,7com,d7com
ravm.tv,mtv,vmtv
rayjump.com,mpcom,pcom
rbxcdn.com,dncom,ncom
reasonsecurity.com,tycom,ycom
recaptcha.net,anet,chanet,hanet
redd.it,ddit,eddit,dit
reddit.com,itcom,redditcom,tcom
redditmedia.com,acom,diacom,iacom,mediacom
redditstatic.com,ccom,iccom
revcontent.com,tcom
rfihub.com,bcom,ubcom
richaudience.com,cecom,ecom
ring.com,gcom,ingcom,ngcom,ringcom
rings.solutions,ions,lutions,ns,olutions,ssolutions,tions,utions,ons
riotcdn.net,cdnnet,nnet
riotgames.com,escom,gamescom,mescom,scom
rkdms.com,mscom,scom
rlcdn.com,dncom,ncom
roblox.com,oxcom,robloxcom,xcom
rocket-cdn.com,dncom,ncom
roku.com,kucom,ucom
root-servers.net,ersnet,root-serversnet,rsnet,serversnet,snet
rqmob.com,bcom,mobcom,obcom
rqtrk.eu,keu,rkeu
rubiconproject.com,ctcom,ectcom,tcom
s-msedge.net,edgenet,enet,genet
s-onetag.com,agcom,gcom
sacdnssedge.com,ecom,edgecom,gecom
safebrowsing.apple,gapple,le,ple,pple
safedk.com,dkcom,kcom
salesforce.com,cecom,ecom,forcecom,salesforcecom
salesforceliveagent.com,tcom
samba.tv,batv,mbatv,sambatv
samsung-dict.com,ctcom,tcom
samsung.com,gcom,ngcom,samsungcom
samsungacr.com,crcom,rcom
samsungads.com,adscom,dscom,scom
samsungapps.com,appscom,pscom,scom
samsungcloud.com,cloudcom,dcom,udcom
samsungcloud.tv,cloudtv,loudtv,udtv
samsungcloudsolution.com,ncom,oncom
samsungcloudsolution.net,ionnet,nnet,onnet,solutionnet
samsungdm.com,dmcom,mcom
samsungelectronics.com,cscom,icscom,scom
samsungiotcloud.com,cloudcom,dcom,udcom
samsungknox.com,oxcom,xcom
samsungnyc.com,ccom,yccom
samsungosp.com,pcom,spcom
samsungpositioning.com,gcom,ingcom,ngcom
samsungqbe.com,becom,ecom
samsungrs.com,rscom,scom
sascdn.com,dncom,ncom
sbixby.com,bycom,ycom
sc-cdn.net,cdnnet,nnet
sc-gw.com,gwcom,wcom
sc-static.net,icnet
scdn.co,dnco,nco
scopely.io,lyio,yio
scorecardresearch.com,chcom,hcom,searchcom
script.ac,ptac,tac
sectigo.com,gocom,ocom
secu100.net,00net,0net
seedtag.com,agcom,gcom
segment.com,tcom
segment.io,entio,mentio,ntio,tio
semasio.net,ionet
sendgrid.net,dnet,gridnet,idnet
sentinelone.net,enet,nenet,onenet
sentry.io,ryio,yio
service-now.com,nowcom,owcom,wcom
serving-sys.com,scom,syscom,yscom
sfx.ms,fxms,xms
sgmbocast.com,castcom,stcom,tcom
sgsnssdk.com,dkcom,kcom
shalltry.com,rycom,ycom
sharepoint.com,pointcom,tcom
sharethis.com,iscom,scom
sharethrough.com,ghcom,hcom
shein.com,incom,ncom,sheincom
shifen.com,encom,ncom
shopee.co.id,coid,oid,ecoid
shopee.com.br,combr,mbr,ombr
shopeemobile.com,ecom,lecom,mobilecom
shopify.com,fycom,shopifycom,ycom
shopifysvc.com,ccom,svccom,vccom
signal.org,lorg,rg
simpli.fi,ifi,lifi,plifi,simplifi
singular.net,arnet,rnet,singularnet
sitescout.com,tcom,utcom
skype.com,ecom,skypecom
slack.com,ckcom,kcom
slackb.com,bcom,kbcom
slatic.net,icnet
smaato.net,atonet,tonet
smadex.com,dexcom,excom,xcom
smartadserver.com,ercom,rcom,servercom,vercom
smartthings.com,gscom,scom
smilewanted.com,dcom,edcom
snackvideo.in,eoin,oin,videoin
snapchat.com,atcom,chatcom,tcom
snapkit.com,itcom,kitcom,tcom
snaptube.app,beapp,eapp,pp,tubeapp
socdm.com,dmcom,mcom
sogou.com,oucom,ucom
sohu.com,hucom,sohucom,ucom
sonicwall.com,allcom,lcom,llcom
sonobi.com,bicom,icom
sonos.com,oscom,scom
sophos.com,oscom,scom
sophosxl.net,lnet,xlnet
soundcloud.com,cloudcom,dcom,udcom
spamhaus.org,rg,sorg,usorg
spbycdn.com,dncom,ncom
speedtest.net,estnet,stnet,testnet,tnet
splashtop.com,opcom,pcom,topcom
split.io,itio,litio,tio
spo-msedge.net,edgenet,enet,genet
spot.im,otim,potim,spotim
spotify.com,fycom,spotifycom,ycom
spotifycdn.com,dncom,ncom
springserve.com,ecom,vecom
ssl-images-amazon.com,amazoncom,ncom,oncom
stackadapt.com,ptcom,tcom
starmakerstudios.com,oscom,scom
startappservice.com,cecom,ecom,servicecom,vicecom
statuspage.io,eio,geio
steamcommunity.com,steamcommunitycom,tycom,unitycom,ycom
steamcontent.com,tcom
steampowered.com,dcom,edcom,redcom,steampoweredcom
steamserver.net,rnet,servernet,vernet
steamstatic.com,ccom,iccom
stickyadstv.com,tvcom,vcom
stripchat.com,atcom,chatcom,tcom
stripe.com,ecom
strpst.com,stcom,tcom
supercell.com,cellcom,lcom,llcom
supersonicads.com,adscom,dscom,scom
surfshark.com,harkcom,kcom,rkcom,sharkcom
susercontent.com,tcom
svc.ms,vcms
svcmot.com,otcom,tcom
swrve.com,ecom,vecom
symcb.com,bcom,cbcom
synology.com,gycom,logycom,ycom
t-msedge.net,edgenet,enet,genet
t.co,tco
t.me,null
tabletcaptiveportal.com,alcom,lcom,talcom
taboola.com,acom,lacom,olacom
taobao.com,aocom,ocom,taobaocom
tapad.com,adcom,dcom,padcom
tapjoy.com,oycom,ycom
teads.tv,adstv,stv
tealiumiq.com,iqcom,qcom
teamviewer.com,ercom,rcom,wercom
technoratimedia.com,acom,diacom,iacom,mediacom
telegram.org,amorg,rg,telegramorg,morg
telephony.goog,oog,og
temu.com,mucom,ucom
tencent-cloud.net,cloudnet,dnet
tenda.com.cn,comcn,mcn,omcn
thejeu.com,eucom,ucom
tiktok.com,kcom,okcom,tiktokcom,tokcom
tiktokcdn-eu.com,eucom,ucom
tiktokcdn-us.com,scom,uscom
tiktokcdn.com,dncom,ncom
tiktokv.com,kvcom,vcom
tiktokv.us,kvus,vus
tinypass.com,asscom,scom,sscom
tiqcdn.com,dncom,ncom
tizen.org,norg,rg
tlivepush.com,hcom,shcom
toponadss.com,dsscom,scom,sscom
tp-link.com,inkcom,kcom,linkcom,nkcom
tplinkcloud.com,cloudcom,dcom,udcom
tradingview.com,ewcom,wcom
trafficjunky.net,kynet
trafficmanager.net,gernet,managernet,rnet
treasuredata.com,acom,datacom,tacom
tremorhub.com,bcom,ubcom
trendmicro.com,microcom,ocom,rocom
tribalfusion.com,fusioncom,ncom,oncom
truecaller.com,ercom,rcom
trustarc.com,ccom,rccom
truste.com,ecom,tecom
trustpilot.com,otcom,pilotcom,tcom
tsyndicate.com,ecom,tecom
ttdns2.com,2com,s2com
ttlivecdn.com,dncom,ncom
ttoverseaus.net,ausnet,snet,usnet
ttvnw.net,nwnet,wnet
tubecup.net,cupnet,pnet,upnet
turn.com,ncom,rncom
tuyaus.com,auscom,scom,uscom
twilio.com,ocom
twimg.com,gcom,mgcom
twitch.tv,chtv,htv,twitchtv,witchtv
twitter.com,ercom,rcom,twittercom
tynt.com,tcom
typekit.com,itcom,kitcom,tcom
typekit.net,itnet,kitnet,tnet
uber.com,ercom,rcom,ubercom
ubi.com,bicom,icom,ubicom
ubnt.com,tcom
ubuntu.com,tucom,ucom
ucweb.com,bcom,ebcom,webcom
ueiwsp.com,pcom,spcom
ui.com,icom,uicom
uisp.com,pcom,spcom
umeng.com,gcom,ngcom
undertone.com,ecom,necom,onecom
unifi-ai.com,aicom,icom
unity3d.com,3dcom,dcom
unmsapp.com,appcom,pcom,ppcom
unpkg.com,gcom,kgcom
unrulymedia.com,acom,diacom,iacom,mediacom
uol.com.br,combr,mbr,ombr
upwitheaway.info,nfo,wayinfo
urban-vpn.com,ncom,pncom,vpncom
urbanairship.com,ipcom,pcom,shipcom
useinsider.com,ercom,rcom
userapi.com,icom,picom
usercentrics.eu,cseu
usertrust.com,stcom,tcom,trustcom
usgovcloudapi.net,apinet,inet,pinet
utorrent.com,rentcom,tcom
v-mate.mobi,emobi
verisign.com,gncom,igncom,ncom,signcom
verkada.com,acom,dacom
viber.com,ercom,ibercom,rcom
vidaahub.com,bcom,ubcom
vidazoo.com,ocom,oocom
vidoomy.com,mycom,ycom
vimeo.com,ocom
vimeocdn.com,dncom,ncom
virtualearth.net,earthnet,hnet,thnet
visualstudio.com,ocom
vivint.ai,intai,ntai,tai
vivo.com.cn,comcn,mcn,omcn
vivoglobal.com,alcom,balcom,globalcom,lcom
vk.com,kcom,vkcom
vungle.com,ecom,lecom
w3.org,3org,rg,w3org
w55c.net,null
wac-msedge.net,edgenet,enet,genet
walkme.com,ecom,mecom
walmart.com,artcom,rtcom,tcom,walmartcom
wattpad.com,adcom,dcom,padcom
wbx2.com,2com,x2com
weather.com,ercom,rcom,weathercom
webex.com,excom,webexcom,xcom
webrootcloudav.com,avcom,davcom,vcom
wechat.com,atcom,chatcom,tcom,wechatcom
weerrhoop.cc,opcc,pcc
whatsapp.com,appcom,pcom,ppcom,whatsappcom
whatsapp.net,appnet,pnet
whecloud.com,cloudcom,dcom,udcom
wikimedia.org,aorg,diaorg,rg
wikipedia.org,aorg,diaorg,rg,wikipediaorg
windows.com,scom,wscom
windows.net,snet,windowsnet
windowsupdate.com,ecom,tecom
withgoogle.com,ecom,googlecom,lecom
wordpress.com,scom,sscom,wordpresscom
worldfcdn2.com,2com,n2com
wp.com,pcom,wpcom
wpadmngr.com,grcom,rcom
wps.com,pscom,scom
wsdvs.com,scom,vscom
wshareit.com,itcom,tcom
wyzecam.com,amcom,camcom,mcom
x.com,xcom
xboxlive.com,ecom,livecom,vecom
xhamster.com,ercom,rcom,xhamstercom
xhcdn.com,dncom,ncom
xiaohongshu.com,hucom,shucom,ucom,xiaohongshucom
xiaomi.com,icom,micom
xiaomi.net,inet,minet
xnxx-cdn.com,dncom,ncom
xnxx.com,xcom,xnxxcom,xxcom
xtracloud.net,cloudnet,dnet
xvideos-cdn.com,dncom,ncom
xvideos.com,eoscom,oscom,scom,videoscom,xvideoscom
yahoo.co.jp,cojp,ojp,yahoocojp
yahoo.com,hoocom,ocom,oocom,yahoocom
yahoodns.net,dnsnet,snet
yammer.com,ercom,mercom,rcom
yandex.com,dexcom,excom,xcom,yandexcom
yandex.net,dexnet,exnet,xnet
yandex.ru,exru,xru,yandexru
yandexadexchange.net,changenet,enet,genet
yastatic.net,icnet
yellowblue.io,blueio,eio,lueio,ueio
yieldmo.com,mocom,ocom
yimg.com,gcom,mgcom
yimg.jp,gjp,mgjp
yotpo.com,ocom,pocom
youtube-nocookie.com,cookiecom,ecom,iecom
youtube.com,becom,ecom,tubecom,youtubecom
ys7.com,7com,s7com
ytimg.com,gcom,mgcom
yximgs.com,gscom,scom
zdassets.com,scom,tscom
zemanta.com,acom,ntacom,tacom
zendesk.com,deskcom,kcom,skcom
zeotap.com,apcom,pcom
zijieapi.com,icom,picom
zoho.com,hocom,ocom
zoom.us,omus,zoomus,mus
zopim.com,imcom,mcom
zpath.net,hnet,pathnet,thnet
